sistema,bloco_MB,operacao,media_ms,desvio_padrao_ms
Linux,100,alloc_ms,33.414725,4.297352
Linux,100,write_ms,15.789988,3.220432
Linux,100,read_ms,478.199201,68.743004
Linux,100,free_ms,4.464291,0.709432
Linux,200,alloc_ms,70.393265,10.060547
Linux,200,write_ms,32.637812,6.211087
Linux,200,read_ms,966.105688,149.993486
Linux,200,free_ms,9.238194,1.575340
Linux,300,alloc_ms,99.196008,3.373997
Linux,300,write_ms,45.452633,1.808119
Linux,300,read_ms,1397.856963,78.017433
Linux,300,free_ms,13.188057,0.589483
Linux,400,alloc_ms,137.978889,11.121560
Linux,400,write_ms,62.332606,4.947795
Linux,400,read_ms,1929.849015,95.351723
Linux,400,free_ms,19.145405,1.741388
Linux,500,alloc_ms,175.267103,31.854808
Linux,500,write_ms,80.074310,16.693443
Linux,500,read_ms,2494.422320,479.574451
Linux,500,free_ms,24.309982,5.291753
Linux,600,alloc_ms,204.781868,19.067298
Linux,600,write_ms,92.367642,8.960752
Linux,600,read_ms,2874.022519,127.096533
Linux,600,free_ms,27.817615,2.525370
Linux,700,alloc_ms,371.813866,152.804654
Linux,700,write_ms,258.316963,178.857054
Linux,700,read_ms,5043.243558,1776.285650
Linux,700,free_ms,56.866906,28.551547
Linux,800,alloc_ms,268.539931,7.191500
Linux,800,write_ms,122.074559,10.619901
Linux,800,read_ms,3810.096684,74.716224
Linux,800,free_ms,37.147923,1.434510
Linux,900,alloc_ms,599.862163,137.450805
Linux,900,write_ms,493.339630,152.442545
Linux,900,read_ms,8023.565793,1470.555486
Linux,900,free_ms,96.424931,29.188584
Linux,1000,alloc_ms,343.702106,57.336045
Linux,1000,write_ms,162.722929,76.567828
Linux,1000,read_ms,4904.115191,705.632804
Linux,1000,free_ms,49.833389,8.620230
Windows,100,alloc_ms,18.191959,1.933311
Windows,100,write_ms,50.051779,3.803282
Windows,100,read_ms,484.019186,41.032775
Windows,100,free_ms,6.684721,0.963608
Windows,200,alloc_ms,35.964627,2.215958
Windows,200,write_ms,98.311544,3.802893
Windows,200,read_ms,943.488997,16.368148
Windows,200,free_ms,12.454770,0.894538
Windows,300,alloc_ms,51.146250,3.736316
Windows,300,write_ms,142.735972,9.866716
Windows,300,read_ms,1399.562509,37.407505
Windows,300,free_ms,17.882196,0.984036
Windows,400,alloc_ms,88.771618,16.554815
Windows,400,write_ms,208.169794,41.447800
Windows,400,read_ms,2090.236699,465.931363
Windows,400,free_ms,26.358889,6.532070
Windows,500,alloc_ms,112.425689,7.666376
Windows,500,write_ms,236.984222,14.743180
Windows,500,read_ms,2421.544746,232.855093
Windows,500,free_ms,29.945208,2.750990
Windows,600,alloc_ms,164.274297,57.442649
Windows,600,write_ms,349.375979,156.082243
Windows,600,read_ms,3407.124550,1093.992528
Windows,600,free_ms,43.837411,20.668511
Windows,700,alloc_ms,170.204665,32.020164
Windows,700,write_ms,340.065076,60.833336
Windows,700,read_ms,3319.117455,129.686137
Windows,700,free_ms,41.689479,5.160025
Windows,800,alloc_ms,301.305170,139.990332
Windows,800,write_ms,702.115142,378.285804
Windows,800,read_ms,5759.968201,2254.158157
Windows,800,free_ms,86.530001,46.095667
Windows,900,alloc_ms,210.452647,47.412925
Windows,900,write_ms,439.337725,122.043193
Windows,900,read_ms,4325.283970,654.217147
Windows,900,free_ms,54.097273,7.763983
Windows,1000,alloc_ms,528.604051,177.237316
Windows,1000,write_ms,1259.825563,441.492527
Windows,1000,read_ms,9569.125372,2744.474994
Windows,1000,free_ms,144.617138,57.821474
